"date","country","popData2019","cases","deaths","hosp","mcases","mdeaths","mhosp","under","cases_base","cases_inc","deaths_inc","hosp_inc"
2020-01-01,"France",67012883,0,0,0,0,0,0,0.033941919,0,0,0,0
2020-01-02,"France",67012883,0,0,0,0,0,0,0.033941919,0,0,0,0
2020-01-03,"France",67012883,0,0,0,0,0,0,0.033941919,0,0,0,0
2020-01-04,"France",67012883,0,0,0,0,0,0,0.033941919,0,0,0,0
2020-01-05,"France",67012883,0,0,0,0,0,0,0.033941919,0,0,0,0
2020-01-06,"France",67012883,0,0,0,0,0,0,0.033941919,0,0,0,0
2020-01-07,"France",67012883,0,0,0,0,0,0,0.033941919,0,0,0,0
2020-01-08,"France",67012883,0,0,0,0,0,0,0.033941919,0,0,0,0
2020-01-09,"France",67012883,0,0,0,0,0,0,0.033941919,0,0,0,0
2020-01-10,"France",67012883,0,0,0,0,0,0,0.033941919,0,0,0,0
2020-01-11,"France",67012883,0,0,0,0,0,0,0.033941919,0,0,0,0
2020-01-12,"France",67012883,0,0,0,0,0,0,0.033941919,0,0,0,0
2020-01-13,"France",67012883,0,0,0,0,0,0,0.033941919,0,0,0,0
2020-01-14,"France",67012883,0,0,0,0,0,0,0.033941919,0,0,0,0
2020-01-15,"France",67012883,0,0,0,0,0,0,0.033941919,0,0,0,0
2020-01-16,"France",67012883,0,0,0,0,0,0,0.033941919,0,0,0,0
2020-01-17,"France",67012883,0,0,0,0,0,0,0.033941919,0,0,0,0
2020-01-18,"France",67012883,0,0,0,0,0,0,0.033941919,0,0,0,0
2020-01-19,"France",67012883,0,0,0,0,0,0,0.033941919,0,0,0,0
2020-01-20,"France",67012883,0,0,0,0,0,0,0.033941919,0,0,0,0
2020-01-21,"France",67012883,0,0,0,0,0,0,0.033941919,0,0,0,0
2020-01-22,"France",67012883,0,0,0,0,0,0,0.033941919,0,0,0,0
2020-01-23,"France",67012883,0,0,0,17.67725612,0,0,0.033941919,0,0.270705632,0,0
2020-01-24,"France",67012883,0,0,0,17.67725612,0,0,0.033941919,0,0.270705632,0,0
2020-01-25,"France",67012883,3,0,0,17.67725612,0,0,0.033941919,88.38628062,0.270705632,0,0
2020-01-26,"France",67012883,0,0,0,17.67725612,0,0,0.033941919,0,0.270705632,0,0
2020-01-27,"France",67012883,0,0,0,23.56967483,0,0,0.033941919,0,0.360940842,0,0
2020-01-28,"France",67012883,0,0,0,11.78483742,0,0,0.033941919,0,0.180470421,0,0
2020-01-29,"France",67012883,1,0,0,17.67725612,0,0,0.033941919,29.46209354,0.270705632,0,0
2020-01-30,"France",67012883,1,0,0,17.67725612,0,0,0.033941919,29.46209354,0.270705632,0,0
2020-01-31,"France",67012883,1,0,0,17.67725612,0,0,0.033941919,29.46209354,0.270705632,0,0
2020-02-01,"France",67012883,0,0,0,11.78483742,0,0,0.033941919,0,0.180470421,0,0
2020-02-02,"France",67012883,0,0,0,5.892418708,0,0,0.033941919,0,0.090235211,0,0
2020-02-03,"France",67012883,0,0,0,0,0,0,0.033941919,0,0,0,0
2020-02-04,"France",67012883,0,0,0,0,0,0,0.033941919,0,0,0,0
2020-02-05,"France",67012883,0,0,0,0,0,0,0.033941919,0,0,0,0
2020-02-07,"France",67012883,0,0,0,29.46209354,0,0,0.033941919,0,0.451176053,0,0
2020-02-08,"France",67012883,0,0,0,29.46209354,0,0,0.033941919,0,0.451176053,0,0
2020-02-09,"France",67012883,5,0,0,29.46209354,0,0,0.033941919,147.3104677,0.451176053,0,0
2020-02-10,"France",67012883,0,0,0,29.46209354,0,0,0.033941919,0,0.451176053,0,0
2020-02-11,"France",67012883,0,0,0,29.46209354,0,0,0.033941919,0,0.451176053,0,0
2020-02-12,"France",67012883,0,0,0,0,0,0,0.033941919,0,0,0,0
2020-02-13,"France",67012883,0,0,0,0,0,0,0.033941919,0,0,0,0
2020-02-14,"France",67012883,0,0,0,0,0.2,0,0.033941919,0,0,0.003062756,0
2020-02-15,"France",67012883,0,0,0,0,0.2,0,0.033941919,0,0,0.003062756,0
2020-02-16,"France",67012883,0,1,0,5.892418708,0.2,0,0.033941919,0,0.090235211,0.003062756,0
2020-02-17,"France",67012883,0,0,0,5.892418708,0.2,0,0.033941919,0,0.090235211,0.003062756,0
2020-02-18,"France",67012883,1,0,0,5.892418708,0.2,0,0.033941919,29.46209354,0.090235211,0.003062756,0
2020-02-19,"France",67012883,0,0,0,5.892418708,0,0,0.033941919,0,0.090235211,0,0
2020-02-20,"France",67012883,0,0,0,5.892418708,0,0,0.033941919,0,0.090235211,0,0
2020-02-21,"France",67012883,0,0,0,0,0,0,0.033941919,0,0,0,0
2020-02-22,"France",67012883,0,0,0,0,0,0,0.033941919,0,0,0,0
2020-02-23,"France",67012883,0,0,0,0,0,0,0.033941919,0,0,0,0
2020-02-24,"France",67012883,0,0,0,0,0,0,0.033941919,0,0,0,0
2020-02-25,"France",67012883,0,0,0,11.78483742,0,0,0.033941919,0,0.180470421,0,0
2020-02-26,"France",67012883,0,0,0,29.46209354,0.2,0,0.033941919,0,0.451176053,0.003062756,0
2020-02-27,"France",67012883,2,0,0,153.2028864,0.2,0,0.033941919,58.92418708,2.346115474,0.003062756,0
2020-02-28,"France",67012883,3,1,0,265.1588419,0.2,0,0.033941919,88.38628062,4.060584475,0.003062756,0
2020-02-29,"France",67012883,21,0,0,518.5328463,0.2,0,0.033941919,618.7039644,7.940698528,0.003062756,0
2020-03-01,"France",67012883,19,0,0,683.5205701,0.2,0,0.033941919,559.7797773,10.46728442,0.003062756,0
2020-03-02,"France",67012883,43,0,0,948.679412,0.2,0,0.033941919,1266.870022,14.5278689,0.003062756,0
2020-03-03,"France",67012883,30,0,0,1025.280855,0.4,0,0.033941919,883.8628062,15.70092664,0.006125512,0
2020-03-04,"France",67012883,48,1,0,1343.471465,0.4,0,0.033941919,1414.18049,20.573628,0.006125512,0
2020-03-05,"France",67012883,34,1,0,1903.251243,1,0,0.033941919,1001.71118,29.14597301,0.015313781,0
2020-03-06,"France",67012883,73,0,0,2846.038236,1.4,0,0.033941919,2150.732828,43.58360669,0.021439294,0
2020-03-07,"France",67012883,138,3,0,3170.121265,1.4,0,0.033941919,4065.768909,48.54654327,0.021439294,0
2020-03-08,"France",67012883,190,2,0,5385.670699,3,0,0.033941919,5597.797773,82.47498244,0.045941343,0
2020-03-09,"France",67012883,103,1,0,6640.755884,5.2,0,0.033941919,3034.595635,101.6950823,0.079631662,0
2020-03-10,"France",67012883,410,9,0,8019.581862,5.2,0,0.033941919,12079.45835,122.8101216,0.079631662,0
2020-03-11,"France",67012883,286,11,0,9828.554405,7.8,0,0.033941919,8426.158753,150.5123312,0.119447493,0
2020-03-12,"France",67012883,372,3,0,12727.62441,10.2,0,0.033941919,10959.8988,194.9080548,0.156200568,0
2020-03-13,"France",67012883,497,15,0,14937.28143,12,0,0.033941919,14642.66049,228.7462587,0.183765374,0
2020-03-14,"France",67012883,595,13,0,18189.89655,12.2,0,0.033941919,17529.94566,278.556095,0.18682813,0
2020-03-15,"France",67012883,785,18,0,21442.51168,18.8,0,0.033941919,23127.74343,328.3659312,0.287899086,0
2020-03-16,"France",67012883,838,12,0,25643.80622,20,0,0.033941919,24689.23439,392.7036363,0.306275623,0
2020-03-17,"France",67012883,924,36,0,28601.80041,22.8,0,0.033941919,27222.97443,438.001712,0.34915421,0
2020-03-18,"France",67012883,1210,21,0,32249.20759,33,672.6710902,0.033941919,35649.13318,493.8573073,0.505354778,10.30113786
2020-03-19,"France",67012883,1097,27,0,38277.15193,56.2,1051.708726,0.033941919,32319.91661,586.1679277,0.860634501,16.10563726
2020-03-20,"France",67012883,1404,69,3363.355451,42360.59809,64.6,1516.452323,0.033941919,41364.77933,648.7009286,0.989270262,23.222619
2020-03-21,"France",67012883,1861,128,1895.188177,46114.06881,82.8,1979.385231,0.033941919,54828.95608,706.1807577,1.267981079,30.31187225
2020-03-22,"France",67012883,1617,78,2323.717988,48836.36625,99.8,2598.942767,0.033941919,47640.20526,747.869425,1.528315359,39.79964077
2020-03-23,"France",67012883,1847,112,2314.664541,63178.51339,123.2,2716.335793,0.033941919,54416.48677,967.5019275,1.886657838,41.59737187
2020-03-24,"France",67012883,1559,112,3097.787681,66625.57833,145.6,3292.738567,0.033941919,45931.40383,1020.289526,2.229686536,50.4242778
2020-03-25,"France",67012883,3838,186,3950.320579,74368.21652,176.2,3762.612451,0.033941919,113075.515,1138.858592,2.698288239,57.61982363
2020-03-26,"France",67012883,2446,240,4777.202045,86594.98533,226.8,4222.829325,0.033941919,72064.2808,1326.096654,3.473165565,64.66748412
2020-03-27,"France",67012883,2931,231,4673.087408,99852.92743,264.2,4615.145349,0.033941919,86353.39617,1529.125878,4.04590098,70.67532585
2020-03-28,"France",67012883,3922,365,4615.748912,104407.7671,290.8,4635.364713,0.033941919,115550.3309,1598.877696,4.453247559,70.98496077
2020-03-29,"France",67012883,3809,299,5059.3678,105309.3072,301.2,4617.861383,0.033941919,112221.1143,1612.683683,4.612510883,70.7169186
2020-03-30,"France",67012883,4611,319,4051.417401,113823.8522,338.6,4934.430236,0.033941919,135849.7133,1743.073562,5.185246298,75.56478474
2020-03-31,"France",67012883,2599,292,4689.685393,135366.535,365.4,5303.207298,0.033941919,76571.98111,2072.973492,5.595655633,81.21215596
2020-04-01,"France",67012883,4376,418,6255.931673,141565.3595,407.4,5451.683824,0.033941919,128926.1213,2167.900933,6.238834441,83.48589299
2020-04-02,"France",67012883,7578,499,6459.634224,126863.7748,437.8,5735.962051,0.033941919,223263.7449,1942.764083,6.704373388,87.83926754
2020-04-03,"France",67012883,4861,509,5801.75043,142384.4057,780.2,5649.652526,0.033941919,143215.2367,2180.443628,11.94781205,86.51754236
2020-04-04,"France",67012883,2116,471,5472.808533,141742.132,907.2,4981.206377,0.033941919,62341.78993,2170.60799,13.89266226,76.28110433
2020-04-05,"France",67012883,5233,2004,4258.137767,108125.8833,911,4520.38594,0.033941919,154175.1355,1655.816114,13.95085463,69.224201
2020-04-06,"France",67012883,4267,1053,2913.700931,102533.9779,975.8,4348.974016,0.033941919,125714.7531,1570.182899,14.94318765,66.59923631
2020-04-07,"France",67012883,1873,518,4155.532038,112321.2854,1165,4201.704616,0.033941919,55182.5012,1720.063583,17.84055504,64.34398495
2020-04-08,"France",67012883,3912,833,4944.690809,104354.7353,872.4,4252.403917,0.033941919,115255.7099,1598.065579,13.35974268,65.12038296
2020-04-09,"France",67012883,3777,1417,4736.461535,104466.6913,930,4623.595232,0.033941919,111278.3273,1599.780048,14.24181647,70.80472552
2020-04-10,"France",67012883,3881,541,4511.634275,119015.0731,1023.8,4409.330327,0.033941919,114342.385,1822.570783,15.67824914,67.52351965
2020-04-11,"France",67012883,4286,1341,4769.657506,114312.9229,984.2,3929.799433,0.033941919,126274.5329,1750.563085,15.07182341,60.18008849
2020-04-12,"France",67012883,4342,987,3084.207511,101561.7289,813,3361.846543,0.033941919,127924.4102,1555.294089,12.45010408,51.48258223
2020-04-13,"France",67012883,3114,635,2547.03634,94443.68705,819.6,3052.520447,0.033941919,91744.95929,1446.289955,12.55117503,46.74563009
2020-04-14,"France",67012883,1613,561,1896.697085,101579.4061,703.8,2827.391406,0.033941919,47522.35688,1555.564795,10.77783917,43.29805322
2020-04-15,"France",67012883,2673,574,2965.003796,91509.26254,794,2839.462668,0.033941919,78752.17603,1401.35282,12.15914223,43.48290989
2020-04-16,"France",67012883,5497,762,3644.012299,88722.14849,817.6,2983.714252,0.033941919,161953.1282,1358.671565,12.52054747,45.69194708
2020-04-17,"France",67012883,2633,1438,3144.563822,81604.10669,857.6,3076.662972,0.033941919,77573.69229,1249.667431,13.13309872,47.11534343
2020-04-18,"France",67012883,2641,753,3268.294261,80991.29514,871.2,2752.247798,0.033941919,77809.38904,1240.282969,13.34136614,42.14732046
2020-04-19,"France",67012883,405,761,2361.440682,53226.21819,797.8,2465.253538,0.033941919,11932.14788,815.0946569,12.2173346,37.75235316
2020-04-21,"France",67012883,2569,642,1342.927928,49796.8305,619.6,2405.199008,0.033941919,75688.11831,762.5777643,9.488418801,36.83269123
2020-04-22,"France",67012883,785,395,2209.040996,49950.03339,575.2,2240.124496,0.033941919,23127.74343,764.9238798,8.808486918,34.30477629
2020-04-23,"France",67012883,2051,547,2844.291173,58329.05279,531.8,2193.348355,0.033941919,60426.75385,893.2383492,8.143868816,33.5884567
2020-04-24,"France",67012883,2667,531,2442.921703,52931.59726,506.6,2330.960745,0.033941919,78575.40347,810.5828963,7.757961531,35.69582272
2020-04-25,"France",67012883,1827,544,2127.559976,58753.30694,505.4,2190.632321,0.033941919,53827.2449,899.7352844,7.739584994,33.54686395
2020-04-26,"France",67012883,1653,516,2030.989878,55724.60372,469.8,1766.931015,0.033941919,48700.84062,853.3543861,7.194414385,27.05839488
2020-04-27,"France",67012883,1773,389,1507.398876,42725.92805,412,1569.264096,0.033941919,52236.29185,654.2955117,6.309277834,24.03136693
2020-04-28,"France",67012883,1537,369,725.7846442,39001.91943,390.6,1542.405537,0.033941919,45283.23777,597.2668586,5.981562918,23.62006084
2020-04-29,"France",67012883,461,242,1454.587104,35537.17723,360.8,1459.113827,0.033941919,13582.02512,544.2085548,5.525212239,22.34454983
2020-04-30,"France",67012883,1195,437,1993.267183,34559.03572,368.4,1473.901124,0.033941919,35207.20178,529.2295099,5.641596976,22.57099925
2020-05-01,"France",67012883,1065,367,1614.531329,32213.85308,352.4,1530.334275,0.033941919,31377.12962,493.3158961,5.396576478,23.43520417
2020-05-02,"France",67012883,1607,427,1581.335358,33056.46895,347.6,1376.123899,0.033941919,47345.58432,506.2195312,5.323070328,21.07366023
2020-05-03,"France",67012883,1139,289,1007.9504,30693.60905,293.4,1081.5851,0.033941919,33557.32454,470.0352117,4.49306339,16.56315751
2020-05-04,"France",67012883,604,218,683.5352262,26233.04809,247,966.6063266,0.033941919,17795.1045,401.7271574,3.782503944,14.80239774
2020-05-05,"France",67012883,794,166,520.5731855,20157.9644,222.8,948.1976516,0.033941919,23392.90227,308.6946553,3.41191044,14.52049132
2020-05-06,"France",67012883,308,135,1039.637463,19951.72975,231,997.9916085,0.033941919,9074.324811,305.5364229,3.537483446,15.28302508
2020-05-07,"France",67012883,576,306,1489.291983,41040.6963,243,1080.981537,0.033941919,16970.16588,628.4882415,3.72124882,16.55391468
2020-05-08,"France",67012883,1104,330,1256.920184,40068.44722,245.4,1130.775493,0.033941919,32526.15127,613.5994317,3.758001894,17.31644844
2020-05-09,"France",67012883,4183,278,1098.484867,42036.51506,267,1002.820113,0.033941919,123239.9373,643.737992,4.088779567,15.35696775
2020-05-10,"France",67012883,629,178,769.5429699,41193.89919,221.8,781.3124507,0.033941919,18531.65684,630.8343569,3.396596659,11.96484788
2020-05-11,"France",67012883,642,243,399.8605628,35920.18444,169.8,687.760168,0.033941919,18914.66405,550.0738435,2.600280039,10.5322087
2020-05-12,"France",67012883,433,80,381.7536694,13959.13992,166.8,670.2568377,0.033941919,12757.0865,213.7672138,2.554338696,10.26416653
2020-05-13,"France",67012883,209,70,789.1587711,14424.641,200.8,680.2156291,0.033941919,6157.57755,220.8957954,3.075007255,10.41667328
2020-05-14,"France",67012883,456,263,1010.968215,13629.16447,168.8,763.8091204,0.033941919,13434.71465,208.714042,2.584966258,11.69680571
2020-05-15,"France",67012883,708,348,819.3369268,14742.83161,223,819.6387084,0.033941919,20859.16223,225.7684968,3.414973197,12.5517678
2020-05-16,"France",67012883,507,83,817.828019,16828.74783,235,767.430499,0.033941919,14937.28143,257.7117613,3.59873857,11.75226271
2020-05-17,"France",67012883,622,351,660.9016095,16333.78466,200,611.1076526,0.033941919,18325.42218,250.1320036,3.06275623,9.358368852
2020-05-18,"France",67012883,563,130,528.1177245,12869.04246,144,560.408351,0.033941919,16587.15866,197.0736998,2.205184486,8.581970843
2020-05-19,"France",67012883,372,88,229.3539832,12780.65618,164.6,549.544215,0.033941919,10959.8988,195.7201717,2.520648377,8.415599841
2020-05-20,"France",67012883,120,68,565.8404191,12203.19914,119.4,547.7335257,0.033941919,3535.451225,186.877121,1.828465469,8.387871341
2020-05-21,"France",67012883,492,186,763.5073388,11348.79843,115.4,523.8927827,0.033941919,14495.35002,173.7930155,1.767210345,8.02277942
2020-05-22,"France",67012883,524,125,651.8481628,11030.60782,114.4,557.3905355,0.033941919,15438.13702,168.9203141,1.751896564,8.535756676
2020-05-23,"France",67012883,418,110,408.9140095,12698.16232,115.6,514.5375544,0.033941919,12315.1551,194.4568787,1.770273101,7.879515502
2020-05-24,"France",67012883,318,83,396.8427472,11213.2728,87,398.351655,0.033941919,9368.945746,171.7176057,1.33229896,6.100270066
2020-05-25,"France",67012883,403,74,351.5755137,8803.27355,69,371.1913149,0.033941919,11873.2237,134.8114046,1.056650899,5.684342562
2020-05-26,"France",67012883,240,43,182.5778419,8449.728427,60,385.3750481,0.033941919,7070.90245,129.3972919,0.918826869,5.901549147
2020-05-27,"France",67012883,115,35,516.0464622,8202.246842,63,387.7893005,0.033941919,3388.140757,125.6074131,0.964768213,5.938520481
2020-05-28,"France",67012883,358,65,479.8326754,6953.054076,61.4,393.8249317,0.033941919,10547.42949,106.4775484,0.940266163,6.030948815
2020-05-29,"France",67012883,276,98,408.9140095,25131.16579,66,434.2636603,0.033941919,8131.537817,384.853173,1.010709556,6.650218656
2020-05-30,"France",67012883,191,66,381.7536694,27971.31161,69.4,399.5587813,0.033941919,5627.259866,428.3465445,1.062776412,6.118755733
2020-05-31,"France",67012883,3325,66,384.771485,36633.16711,67.8,325.3205183,0.033941919,97961.46102,560.992304,1.038274362,4.981887221
2020-06-01,"France",67012883,597,52,342.522067,36521.21115,54.4,270.3962749,0.033941919,17588.86984,559.277835,0.833069695,4.140789378
2020-06-02,"France",67012883,1828,57,108.6413605,37387.3967,47.4,263.1535176,0.033941919,53856.70699,572.5424109,0.725873227,4.029875377
2020-06-03,"France",67012883,257,31,134.2927928,13281.51177,55.6,261.6446098,0.033941919,7571.75804,203.3901646,0.851446232,4.006768293
2020-06-04,"France",67012883,338,31,345.5398826,11837.86918,61.4,251.9876,0.033941919,9958.187617,181.282538,0.940266163,3.858882959
2020-06-05,"France",67012883,-766,107,377.226946,5586.012935,58.8,294.5387995,0.033941919,-22567.96365,85.5429796,0.900450332,4.510502716
2020-06-06,"France",67012883,352,81,294.2370179,7671.929158,61.8,310.8350035,0.033941919,10370.65693,117.4862441,0.946391675,4.760059218
2020-06-07,"France",67012883,767,44,321.397358,9092.002067,61.8,252.8929446,0.033941919,22597.42575,139.2329299,0.946391675,3.872747209
2020-06-08,"France",67012883,611,46,215.7738131,15626.69441,43,221.2058812,0.033941919,18001.33915,239.3037784,0.658492589,3.387498453
2020-06-09,"France",67012883,579,31,55.82958801,14795.86338,37.6,213.3595607,0.033941919,17058.55216,226.5806137,0.575798171,3.267341619
2020-06-10,"France",67012883,343,13,218.7916287,12651.02297,46.2,188.3116915,0.033941919,10105.49808,193.734997,0.707496689,2.883764031
2020-06-11,"France",67012883,211,54,255.0054155,12262.12333,41.6,188.3116915,0.033941919,6216.501737,187.7794731,0.637053296,2.883764031
2020-06-12,"France",67012883,403,87,196.1580119,11354.69085,40.8,218.1880656,0.033941919,11873.2237,173.8832507,0.624802271,3.341284286
2020-06-13,"France",67012883,545,23,215.7738131,13611.48722,43.8,194.9508857,0.033941919,16056.84098,208.4433364,0.670743614,2.985435199
2020-06-14,"France",67012883,425,27,205.2114586,15467.59911,37.8,153.908594,0.033941919,12521.38975,236.8674277,0.578860928,2.356922526
2020-06-15,"France",67012883,726,28,102.6057293,15491.16878,22.2,149.0800891,0.033941919,21389.47991,237.2283685,0.339965942,2.282979858
2020-06-16,"France",67012883,526,24,49.79395688,13175.44823,23.4,149.0800891,0.033941919,15497.0612,201.7659308,0.358342479,2.282979858
2020-06-17,"France",67012883,407,9,172.0154874,12698.16232,40.2,143.0444579,0.033941919,11991.07207,194.4568787,0.615614002,2.190551524
2020-06-18,"France",67012883,152,29,215.7738131,11118.9941,40.2,163.5656038,0.033941919,4478.238218,170.2738423,0.615614002,2.504807861
2020-06-19,"France",67012883,344,111,175.033303,10771.3414,41,188.613473,0.033941919,10134.96018,164.9499649,0.627865027,2.888385448
2020-06-20,"France",67012883,458,28,205.2114586,13151.87856,42,181.3707157,0.033941919,13493.63884,201.4049899,0.643178808,2.777471447
2020-06-21,"France",67012883,467,28,175.033303,16033.2713,39.4,152.7014678,0.033941919,13758.79768,245.5300079,0.603362977,2.338436859
2020-06-22,"France",67012883,811,14,135.8017006,15679.72618,18.6,160.5477882,0.033941919,23893.75786,240.1158953,0.284836329,2.458593693
2020-06-23,"France",67012883,641,16,72.42757364,15178.87059,17.6,154.8139387,0.033941919,18885.20196,232.4459024,0.269522548,2.370786776
2020-06-24,"France",67012883,284,7,214.2649054,15473.49153,23.4,149.0800891,0.033941919,8367.234566,236.9576629,0.358342479,2.282979858
2020-06-25,"France",67012883,373,23,176.5422108,11172.02587,22.8,159.340662,0.033941919,10989.36089,171.0859592,0.34915421,2.440108026
2020-06-26,"France",67012883,517,57,146.3640551,7394.985479,23.8,171.1101427,0.033941919,15231.90236,113.2451892,0.364467991,2.620343278
2020-06-27,"France",67012883,81,11,187.1045652,15078.69947,27.6,144.8551473,0.033941919,2386.429577,230.9119038,0.42266036,2.218280024
2020-06-28,"France",67012883,0,21,131.2749772,12880.8273,23,122.8250936,0.033941919,0,197.2541703,0.352216966,1.880916604
2020-06-29,"France",67012883,1588,26,82.98992813,9834.446824,11.6,124.3340014,0.033941919,46785.80454,150.6025664,0.177639861,1.904023687
2020-06-30,"France",67012883,0,0,66.3919425,17158.72328,16.4,132.783885,0.033941919,0,262.7649331,0.251146011,2.033423355
2020-07-01,"France",67012883,0,0,153.908594,17390.1769,18.2,134.3374059,0.033941919,0,266.3093633,0.278710817,2.057213635
2020-07-03,"France",67012883,1324,35,229.3539832,8425.759855,16.6,142.1374583,0.033941919,39007.81185,129.0302424,0.254208767,2.17666193
2020-07-04,"France",67012883,541,30,139.0425819,8707.696896,19.4,161.6521316,0.467480256,1157.268127,133.3477646,0.297087354,2.475505365
2020-07-05,"France",67012883,918,18,121.9901898,8956.691369,23,143.200604,0.467480256,1963.719299,137.1608115,0.352216966,2.19294271
2020-07-06,"France",67012883,659,14,163.9653089,1155.128999,16,102.8390417,0.467480256,1409.685205,17.6893927,0.245020498,1.574854579
2020-07-07,"France",67012883,582,18,61.65095614,923.6753739,10,100.7402858,0.467480256,1244.972366,14.14496253,0.153137812,1.542714689
2020-07-08,"France",67012883,0,0,27.54617189,1119.191653,11.8,109.6599986,0.467480256,0,17.13905604,0.180702618,1.679309219
2020-07-09,"France",67012883,0,0,128.5488022,1040.471751,11.6,98.64152982,0.467480256,0,15.93355668,0.177639861,1.5105748
2020-07-10,"France",67012883,1375,27,166.5887538,1075.12562,14.4,107.0365536,0.467480256,2941.300693,16.46423846,0.220518449,1.639134358
2020-07-11,"France",67012883,475,13,108.8729651,1340.80529,17.2,137.2061705,0.467480256,1016.085694,20.53279878,0.263397036,2.101145267
2020-07-12,"France",67012883,663,32,103.6260752,1622.314506,22.2,126.4500462,0.467480256,1418.241716,24.8437693,0.339965942,1.936428334
2020-07-13,"France",67012883,621,14,178.3942561,1034.054367,16.8,99.95325229,0.467480256,1328.398349,15.83528228,0.257271523,1.530662231
2020-07-14,"France",67012883,658,25,74.76818085,830.8372284,14.2,96.01808488,0.467480256,1407.546077,12.72325949,0.217455692,1.470399938
2020-07-15,"France",67012883,0,0,34.10478425,1242.405413,12.8,91.29588398,0.467480256,0,19.02592459,0.196016399,1.398085187
2020-07-16,"France",67012883,0,0,89.19712803,976.7257428,10,90.5088505,0.467480256,0,14.95736427,0.153137812,1.386032729
2020-07-17,"France",67012883,1625,25,80.01507073,1091.810817,23.2,106.7742091,0.467480256,3476.082637,16.71975191,0.355279723,1.635116871
2020-07-18,"France",67012883,0,0,174.4590886,1320.269664,26.8,131.1722471,0.467480256,0,20.21832069,0.410409335,2.008743085
2020-07-19,"France",67012883,927,91,156.0949741,1677.931828,29.6,131.1722471,0.467480256,1982.971449,25.6954808,0.453287922,2.008743085
2020-07-20,"France",67012883,534,18,156.0949741,982.7153005,24.6,124.6136347,0.467480256,1142.294233,15.04908705,0.376719016,1.908305931
2020-07-21,"France",67012883,836,14,89.19712803,982.7153005,24.6,125.6630127,0.467480256,1788.310821,15.04908705,0.376719016,1.924375876
2020-07-22,"France",67012883,0,0,47.22200896,1475.998166,9,123.0395678,0.467480256,0,22.60311289,0.13782403,1.884201014
2020-07-23,"France",67012883,0,0,179.7059785,1497.389444,5.4,126.4500462,0.467480256,0,22.93069424,0.082694418,1.936428334
2020-07-24,"France",67012883,2080,13,142.9777493,1566.697184,4,140.8789934,0.467480256,4449.385775,23.9920578,0.061255125,2.157390074
2020-07-25,"France",67012883,584,0,173.1473662,2021.047923,6,164.4899979,0.467480256,1249.250621,30.94988559,0.091882687,2.518963829
2020-07-26,"France",67012883,998,7,161.3418639,2504.490801,8,151.1104287,0.467480256,2134.849521,38.35322402,0.122510249,2.314072034
2020-07-27,"France",67012883,1062,10,165.2770313,1614.613646,5.4,131.9592806,0.467480256,2271.753699,24.72584001,0.082694418,2.020795544
2020-07-28,"France",67012883,1130,10,112.8081325,1364.763521,5.4,128.2864577,0.467480256,2417.214387,20.89968989,0.082694418,1.964550737
2020-07-29,"France",67012883,0,0,47.22200896,2029.176609,7.4,141.1413379,0.467480256,0,31.0743665,0.113321981,2.16140756
2020-07-30,"France",67012883,0,0,154.7832516,1884.999397,8.2,139.0425819,0.467480256,0,28.86646823,0.125573005,2.12926767
2020-07-31,"France",67012883,2551,17,225.616265,1997.089692,9.2,146.9129168,0.467480256,5456.914958,30.58299448,0.140886787,2.249792255
2020-08-01,"France",67012883,725,14,154.7832516,2586.205482,12.4,177.3448781,0.467480256,1550.867638,39.60458476,0.189890886,2.715820651
2020-08-02,"France",67012883,1392,15,152.1598066,3162.058679,14.6,166.5887538,0.467480256,2977.665865,48.4230746,0.223581205,2.551103718
2020-08-03,"France",67012883,1377,16,199.3818156,2070.675688,11.2,128.0241132,0.467480256,2945.578948,31.70987432,0.171514349,1.960533251
2020-08-04,"France",67012883,1346,11,101.0026303,1760.50216,8.4,134.320381,0.467480256,2879.265987,26.9599448,0.128635762,2.056952919
2020-08-05,"France",67012883,0,0,32.79306178,2609.308062,11.2,140.3543044,0.467480256,0,39.95837261,0.171514349,2.149355101
2020-08-06,"France",67012883,0,0,186.2645909,2464.703024,8.4,136.419137,0.467480256,0,37.74392271,0.128635762,2.089092809
2020-08-07,"France",67012883,3376,29,182.3294235,2614.014143,8,153.2091846,0.467480256,7221.695374,40.03044051,0.122510249,2.346211924
2020-08-08,"France",67012883,1039,2,179.7059785,3300.246334,9.4,182.3294235,0.467480256,2222.55376,50.5392501,0.143949543,2.792152888
2020-08-09,"France",67012883,1695,9,184.9528684,4279.111204,11.8,164.2276534,0.467480256,3625.821581,65.5293725,0.180702618,2.514946343
2020-08-10,"France",67012883,1604,7,178.3942561,2834.772129,6,131.4345916,0.467480256,3431.160954,43.41108,0.091882687,2.012760571
2020-08-11,"France",67012883,2288,12,95.75574039,2390.261377,5.6,142.7154048,0.467480256,4894.324353,36.60393963,0.085757174,2.185512477
2020-08-12,"France",67012883,0,0,18.36411459,3741.762307,7,155.8326296,0.467480256,0,57.30052908,0.107196468,2.386386785
2020-08-13,"France",67012883,0,0,236.1100448,3653.202417,8.4,157.669041,0.467480256,0,55.94434231,0.128635762,2.414509188
2020-08-14,"France",67012883,4854,16,250.538992,3754.169248,9.4,191.2491363,0.467480256,10383.32623,57.49052626,0.143949543,2.928747418
2020-08-15,"France",67012883,1397,14,187.5763134,4896.035655,12.8,232.9619109,0.467480256,2988.361504,74.97681853,0.196016399,3.567527719
2020-08-16,"France",67012883,2524,17,263.6562167,6113.627185,16.4,208.5638729,0.467480256,5399.158508,93.62274876,0.251146011,3.193901506
2020-08-17,"France",67012883,2669,17,226.9279875,5453.064528,13.8,167.1134428,0.467480256,5709.332036,83.50703678,0.21133018,2.559138691
2020-08-18,"France",67012883,2846,18,114.119855,6145.286276,11.2,190.9867918,0.467480256,6087.957652,94.10756915,0.171514349,2.924729932
2020-08-19,"France",67012883,3310,3,43.28684154,5276.372574,11.6,186.7892799,0.467480256,7080.51294,80.80121486,0.177639861,2.860450153
2020-08-20,"France",67012883,3015,1,306.9430582,5091.979759,12.6,183.9034904,0.467480256,6449.470246,77.97746366,0.192953643,2.816257805
2020-08-21,"France",67012883,493,19,242.6686571,5489.857526,12.4,200.1688491,0.467480256,1054.589994,84.0704767,0.189890886,3.065341948
2020-08-22,"France",67012883,2238,22,212.4990403,6114.910662,14.2,246.6038246,0.467480256,4787.367964,93.64240364,0.217455692,3.776437
2020-08-23,"France",67012883,3776,17,195.4466482,6787.024609,18.6,215.1224852,0.467480256,8077.346484,103.9350095,0.284836329,3.29433866
2020-08-24,"France",67012883,4771,12,275.4617189,8117.134261,16.6,174.1967442,0.467480256,10205.77862,124.3040176,0.254208767,2.667610817
2020-08-25,"France",67012883,4586,23,149.5363617,9254.722412,12.4,192.8232032,0.467480256,9810.039983,141.7247936,0.189890886,2.952852335
2020-08-26,"France",67012883,3602,9,38.03995166,8475.652076,12,223.2551646,0.467480256,7705.138251,129.794281,0.183765374,3.418880731
2020-08-27,"France",67012883,4897,1,305.6313358,7848.031987,12.8,224.566887,0.467480256,10475.30872,120.1830443,0.196016399,3.438968162
2020-08-28,"France",67012883,1955,15,347.6064548,8208.68893,8.2,253.6871259,0.467480256,4181.994803,125.7060658,0.125573005,3.884909127
2020-08-29,"France",67012883,3304,16,282.0203313,9282.103248,12.8,309.3041587,0.467480256,7067.678174,142.1440978,0.196016399,4.736616195
2020-08-30,"France",67012883,5429,0,295.137556,10343.96628,16.6,283.5943982,0.467480256,11613.3247,158.4052358,0.254208767,4.34290255
2020-08-31,"France",67012883,6111,32,316.1251155,11840.50007,14.8,220.1070306,0.467480256,13072.20984,181.3228268,0.226643961,3.370670897
2020-09-01,"France",67012883,7379,20,177.0825336,12742.78416,12.4,230.3384659,0.467480256,15784.62386,195.140208,0.189890886,3.527352858
2020-09-02,"France",67012883,5453,6,30.16961683,11738.67759,18.2,250.014303,0.467480256,11664.66377,179.7635396,0.278710817,3.82866432
2020-09-03,"France",67012883,5413,4,333.1775076,11255.66253,17,269.9524845,0.467480256,11579.09865,172.3667528,0.26033428,4.133993269
2020-09-04,"France",67012883,3082,29,393.5167413,11100.78968,18,315.0757375,0.467480256,6592.791807,169.9950638,0.275648061,4.825000891
2020-09-05,"France",67012883,4982,26,415.8160233,11829.80443,16.8,385.6464065,0.467480256,10657.13458,181.1590361,0.257271523,5.905704671
2020-09-06,"France",67012883,7017,25,402.6987986,13353.71906,16,363.08478,0.467480256,15010.25961,204.4959312,0.245020498,5.56020086
2020-09-07,"France",67012883,7157,0,383.0229615,15693.06919,12.6,301.6961683,0.467480256,15309.7375,240.3202272,0.192953643,4.620109096
2020-09-08,"France",67012883,8975,0,220.3693751,16586.79678,8,336.0632971,0.467480256,19198.67179,254.0065759,0.122510249,5.146399784
2020-09-09,"France",67012883,8550,12,86.57368309,15382.89567,8,384.0723395,0.467480256,18289.54249,235.5702977,0.122510249,5.881599754
2020-09-10,"France",67012883,7071,3,587.651667,15120.6386,15.6,408.732722,0.467480256,15125.77251,231.5541504,0.238894986,6.259243454
2020-09-11,"France",67012883,4203,25,642.7440108,14950.36403,21.6,457.0041089,0.467480256,8990.754045,228.9466029,0.330777673,6.998460909
2020-09-13,"France",67012883,6544,38,506.3248738,15503.54247,23,556.9573612,0.467480256,13998.45217,237.4178565,0.352216966,8.52912314
2020-09-14,"France",67012883,8577,30,461.7263098,16502.51514,38.4,503.1767399,0.467480256,18347.29894,252.7159054,0.588049196,7.705538475
2020-09-15,"France",67012883,9843,19,586.3399446,19222.63003,36.8,400.3376982,0.467480256,21055.4347,294.3711494,0.563547146,6.130683896
2020-09-16,"France",67012883,9406,80,318.7485605,19496.01056,30.4,442.0504727,0.467480256,20120.63587,298.557639,0.465538947,6.769464197
2020-09-17,"France",67012883,10561,17,128.5488022,18461.10054,31.2,518.1303761,0.467480256,22591.32845,282.7092534,0.477789972,7.934535187
2020-09-18,"France",67012883,7183,6,714.8887467,17609.29986,37.2,571.1239639,0.467480256,15365.35482,269.6649642,0.569672659,8.746067393
2020-09-19,"France",67012883,6158,34,842.1258264,17771.01792,30.4,664.5186038,0.467480256,13172.74885,272.1414792,0.465538947,10.17629247
2020-09-20,"France",67012883,7852,49,851.3078837,17784.70833,37,861.8016635,0.467480256,16796.4313,272.3511313,0.566609903,13.19744207
2020-09-21,"France",67012883,9784,46,785.7217601,20365.35208,66.6,842.1258264,0.467480256,20929.22617,311.8705449,1.019897825,12.89613061
2020-09-22,"France",67012883,10593,50,1114.9641,23505.59166,64.8,710.1665458,0.467480256,22659.78054,359.9594865,0.992333019,10.87533506
2020-09-23,"France",67012883,13215,154,616.5095614,25095.81925,57.2,737.7127177,0.467480256,28268.57357,384.3118838,0.875948282,11.29717111
2020-09-24,"France",67012883,13498,25,182.3294235,22748.76825,58.6,785.9841046,0.467480256,28873.94673,348.3696585,0.897387575,12.03638857
2020-09-25,"France",67012883,11569,11,989.0387432,22498.4903,64.2,733.2528613,0.467480256,24747.56925,344.5369567,0.98314475,11.22887385
2020-09-26,"France",67012883,4298,53,1027.078695,22437.31125,42,770.768124,0.467480256,9193.971184,343.6000741,0.643178808,11.80337437
2020-09-27,"France",67012883,10008,78,851.3078837,23548.80204,47.4,907.71195,0.467480256,21408.39079,360.6212008,0.725873227,13.90050215
2020-09-28,"France",67012883,13072,43,804.0858747,25357.64849,75.2,841.8634819,0.467480256,27962.67829,388.3214795,1.151596343,12.89211312
2020-09-29,"France",67012883,16096,52,867.0485534,29684.67615,72.4,699.672766,0.467480256,34431.40069,454.5846342,1.108717755,10.71463562
2020-09-30,"France",67012883,15797,150,659.7964029,30161.70165,62.2,691.8024312,0.467480256,33791.80149,461.8896982,0.952517188,10.59411103
2020-10-01,"France",67012883,14412,39,316.1251155,26310.416,69.8,714.1017132,0.467480256,30829.10952,402.9119526,1.068901924,10.93559736
2020-10-02,"France",67012883,11123,27,811.9562096,22868.55941,76.4,711.2159238,0.467480256,23793.51826,350.204114,1.16997288,10.89140501
2020-10-03,"France",67012883,4070,81,915.5822848,21605.61837,59,743.4842966,0.467480256,8706.25005,330.8637113,0.903513088,11.38555581
2020-10-04,"France",67012883,8051,85,852.6196062,21416.51947,63.8,869.4096538,0.467480256,17222.11773,327.9678922,0.977019237,13.31394917
2020-10-05,"France",67012883,12845,63,821.1382669,21855.04067,85.6,846.5856828,0.467480256,27477.09629,334.6833098,1.310859667,12.96442787
2020-10-06,"France",67012883,13970,63,945.7519016,27374.84598,78,773.1292244,0.467480256,29883.61504,419.2124004,1.19447493,11.83953174
2020-10-07,"France",67012883,12148,136,697.8363546,29297.49403,67.4,788.8698941,0.467480256,25986.12423,448.6554118,1.03214885,12.08058091
2020-10-08,"France",67012883,16972,43,548.2999929,25985.6964,68.6,842.1258264,0.467480256,36305.27662,397.9392678,1.050525387,12.89613061
2020-10-09,"France",67012883,12545,32,931.3229544,24496.43565,69.2,859.965252,0.467480256,26835.35796,375.1330545,1.059713656,13.16931967
2020-10-10,"France",67012883,5104,69,1087.417928,27319.22866,58,906.9249165,0.467480256,10918.10817,418.3606889,0.888199307,13.88844969
2020-10-11,"France",67012883,10489,66,1034.94903,27814.22283,64.6,1019.733049,0.467480256,22437.31125,425.9409213,0.989270262,15.61596874
2020-10-12,"France",67012883,18746,80,932.6346769,31148.69521,80,1015.535537,0.467480256,40100.0893,477.0043015,1.225102492,15.55168897
2020-10-13,"France",67012883,18129,76,1112.340655,40471.86971,77,930.011232,0.467480256,38780.24746,619.7773555,1.179161149,14.24198847
2020-10-14,"France",67012883,20339,109,910.3353949,42872.82672,73,979.0696524,0.467480256,43507.71985,656.5450858,1.117906024,14.99325839
2020-10-15,"France",67012883,26896,54,659.7964029,38491.46521,76,1098.961086,0.467480256,57533.98068,589.4498744,1.163847367,16.82924957
2020-10-16,"France",67012883,16101,46,1280.241132,36294.15316,82.4,1173.729267,0.467480256,34442.09633,555.8007185,1.261855567,17.97423313
2020-10-17,"France",67012883,8505,95,1532.091846,37257.61631,81.4,1308.311993,0.467480256,18193.28174,570.5549824,1.246541786,20.03520353
2020-10-18,"France",67012883,12993,108,1486.18156,38851.2665,88.2,1497.724717,0.467480256,27793.6872,594.9597927,1.350675498,22.93582855
2020-10-19,"France",67012883,22591,104,1583.249023,42695.27912,114.6,1500.348162,0.467480256,48325.0356,653.8261606,1.75495932,22.97600341
2020-10-20,"France",67012883,30621,88,1606.860027,52929.72205,113.4,1412.987446,0.467480256,65502.23165,810.5541799,1.736582783,21.63818051
2020-10-21,"France",67012883,25086,178,1293.358356,60136.0157,108.8,1489.329694,0.467480256,53662.1594,920.9097838,1.666139389,22.80726899
2020-10-22,"France",67012883,32427,89,1095.288263,56136.70241,117.2,1682.415241,0.467480256,69365.49641,859.6651753,1.794775151,25.76413881
2020-10-23,"France",67012883,29837,85,1867.892799,51792.98955,152,1821.195479,0.467480256,63825.15547,793.1465071,2.327694735,27.889389
2020-10-24,"France",67012883,13243,146,2548.676761,52473.23218,149,2086.688107,0.467480256,28328.46914,803.563594,2.281753392,31.955085
2020-10-25,"France",67012883,20468,262,2300.761214,56407.08816,163.6,2416.192792,0.467480256,43783.66733,863.8058035,2.505334596,37.00104763
2020-10-26,"France",67012883,26676,163,2620.821497,61624.42081,206.2,2479.942504,0.467480256,57063.37257,943.7028939,3.157701673,37.97729677
2020-10-27,"France",67012883,41622,162,2742.811687,75391.41936,204.4,2310.730305,0.467480256,89034.77631,1154.527697,3.130136867,35.38601819
2020-10-28,"France",67012883,42032,298,2186.641359,88885.89302,175.2,2457.643222,0.467480256,89911.8187,1361.179113,2.682974458,37.63581044
2020-10-29,"France",67012883,45422,137,1702.615767,88926.53645,194,2717.364271,0.467480256,97163.46187,1361.801518,2.970873543,41.61312175
2020-10-30,"France",67012883,52010,116,3035.325798,85416.22777,266.2,2908.875752,0.467480256,111256.0357,1308.045419,4.076528542,44.54588666
2020-10-31,"France",67012883,26771,257,3919.426743,83022.54379,255.4,3155.479576,0.467480256,57266.58971,1271.389066,3.911139706,48.32232366
2020-11-01,"France",67012883,33417,523,3700.369091,83970.17739,275,3487.345361,0.467480256,71483.23291,1285.90092,4.211289817,53.40444366
2020-11-02,"France",67012883,36437,244,3419.660482,82774.40496,360.8,3476.851582,0.467480256,77943.39879,1267.589123,5.525212239,53.24374422
2020-11-03,"France",67012883,47637,235,3361.944693,85285.74097,354,3186.960916,0.467480256,101901.6299,1306.047173,5.421078527,48.804422
2020-11-04,"France",67012883,49215,545,2982.856899,92076.61601,295.6,3115.078524,0.467480256,105277.1735,1410.041147,4.526753708,47.70363079
2020-11-05,"France",67012883,32641,223,2469.973413,98956.47877,330,3299.769048,0.467480256,69823.26975,1515.397859,5.05354778,50.53194105
2020-11-06,"France",67012883,49290,231,3340.957134,94119.05521,453.8,3593.070193,0.467480256,105437.6081,1441.318614,6.949393886,55.02349059
2020-11-07,"France",67012883,52518,416,4343.113102,90415.36938,421.8,3780.646506,0.467480256,112342.7126,1384.601179,6.45935289,57.8959932
2020-11-08,"France",67012883,36330,854,4828.450416,101284.2776,449.8,4110.413535,0.467480256,77714.51212,1551.045261,6.888138762,62.94597332
2020-11-09,"France",67012883,40558,385,3920.738466,106074.2125,569.2,4087.064875,0.467480256,86758.74436,1624.397276,8.716604231,62.58841705
2020-11-10,"France",67012883,58046,363,4118.808559,120763.1751,546.8,3694.335167,0.467480256,124167.8109,1849.340835,8.373575533,56.57424025
2020-11-11,"France",67012883,60486,828,3224.213834,121742.4678,430,3429.104884,0.467480256,129387.2827,1864.337509,6.584925895,52.51256173
2020-11-12,"France",67012883,86852,304,2379.464562,113013.543,462.6,3476.064548,0.467480256,185787.5256,1730.664665,7.08415516,53.23169176
2020-11-13,"France",67012883,38619,270,3502.298998,97669.15167,634,3331.250387,0.467480256,82610.9756,1495.684014,9.70893725,51.01403939
2020-11-14,"France",67012883,20155,548,4155.536788,87141.64823,534,3308.426416,0.467480256,43114.12034,1334.46813,8.177559135,50.6645181
2020-11-15,"France",67012883,22180,1220,3394.737755,64175.97242,558.2,3577.854212,0.467480256,47445.85408,982.7767969,8.548152639,54.79047639
2020-11-16,"France",67012883,35879,328,3110.093979,57833.45857,690.6,3455.076989,0.467480256,76749.76549,885.6489277,10.57569726,52.91029286
2020-11-17,"France",67012883,33172,425,3726.60354,62941.6957,651.8,3036.899865,0.467480256,70959.1466,963.8753532,9.981522554,46.50641991
2020-11-18,"France",67012883,23794,932,2888.412881,65101.3591,468.2,2899.693694,0.467480256,50898.40631,996.9479659,7.169912335,44.40527464
2020-11-19,"France",67012883,32095,354,2064.651169,53775.53317,503.8,2936.946613,0.467480256,68655.30599,823.5067463,7.715082944,44.97575768
2020-11-20,"France",67012883,27228,302,2708.706903,59059.17878,662.6,2830.434748,0.467480256,58244.1711,904.4193388,10.14691139,43.34465829
2020-11-21,"France",67012883,9406,506,3296.35857,61022.47026,561.2,2835.419293,0.467480256,20120.63587,934.4847548,8.594093982,43.42099053
2020-11-22,"France",67012883,45522,1219,3194.044217,56339.91955,576.2,2938.783024,0.467480256,97377.37464,862.7771981,8.823800699,45.00388008
2020-11-23,"France",67012883,28383,425,2913.335608,54480.58969,743.4,2794.493552,0.467480256,60714.86368,834.3038275,11.38426491,42.79426269
2020-11-25,"France",67012883,21150,429,2581.469823,NA,NA,NA,0.467480256,45242.55247,NA,NA,NA
2020-11-26,"France",67012883,22882,1138,1987.259544,NA,NA,NA,0.467480256,48947.52178,NA,NA,NA
